<VisualMicro>
  <Program Name="PixelEtherMega" Ext=".ino" Location="C:\Users\James Brown\Documents\Arduino\PixelEtherMega">
    <Compile CompilerErrors="0" ConfigurationName="Debug" StopOnError="False" OptimiseLibs="True" OptimiseCore="True" BuildPath="C:\Users\James Brown\AppData\Local\VMicro\Arduino\Builds\PixelEtherMega\mega2560" SketchName="PixelEtherMega" ReportDigitalPins="0" ReportAnalogPins="0" ReportI2C="0" ReportFreeMemory="0" IncludeDebug="1" LastDebugPreProcessorDefinitions="VM_DEBUG;VM_DEBUG_ENABLE 1;VM_DEBUG_BANDWIDTH_THROTTLE_MS 80;VM_DEBUGGER_TYPE_HARDWARESERIAL 0;VM_DEBUGGER_TYPE_SOFTWARESERIAL 1;VM_DEBUGGER_TYPE_FASTSERIAL 2;VM_DEBUGGER_TYPE_USB 3;VM_DEBUGGER_TYPE_TEENSY 4;VM_DEBUGGER_TYPE VM_DEBUGGER_TYPE_HARDWARESERIAL;" IncludesDebug="1" IsCompiled="1" />
    <Debug DebugMode="Full" DebugEnabled="1" />
    <Platform Name="Arduino">
      <Board CoreFolder="C:\Program Files\arduino\arduino-1.0.4\hardware\arduino\cores\arduino" McuIdePath="C:\Program Files\arduino\arduino-1.0.4" Name="mega2560" Description="Arduino Mega 2560 or Mega ADK" VariantFullPath="C:\Program Files\arduino\arduino-1.0.4\hardware\arduino\variants\mega" name="Arduino Mega 2560 or Mega ADK" upload.protocol="wiring" upload.maximum_size="258048" upload.speed="115200" bootloader.low_fuses="0xFF" bootloader.high_fuses="0xD8" bootloader.extended_fuses="0xFD" bootloader.path="stk500v2" bootloader.file="stk500boot_v2_mega2560.hex" bootloader.unlock_bits="0x3F" bootloader.lock_bits="0x0F" build.mcu="atmega2560" build.f_cpu="16000000L" build.core="arduino" build.variant="mega" runtime.ide.path="C:\Program Files\arduino\arduino-1.0.4" build.system.path="C:\Program Files\arduino\arduino-1.0.4\hardware\arduino\system" software="ARDUINO" runtime.ide.version="104" build.core.vmresolved="C:\Program Files\arduino\arduino-1.0.4\hardware\arduino\cores\arduino" build.core.parentfolder.vmresolved="C:\Program Files\arduino\arduino-1.0.4\hardware\arduino\cores" build.core.coresparentfolder.vmresolved="C:\Program Files\arduino\arduino-1.0.4\hardware\arduino" vm.core.include="arduino.h" vm.boardsource.path="C:\Program Files\arduino\arduino-1.0.4\hardware\arduino" vm.boardsource.name="boards.txt" vm.platformname.name="" build.variant.vmresolved="C:\Program Files\arduino\arduino-1.0.4\hardware\arduino\variants\mega" compiler.path="C:\Program Files\arduino\arduino-1.0.4\hardware\tools\avr\bin\" includes=" -I&quot;C:\Program Files\arduino\arduino-1.0.4\hardware\arduino\cores\arduino&quot;  -I&quot;C:\Program Files\arduino\arduino-1.0.4\hardware\arduino\variants\mega&quot;  -I&quot;C:\Program Files\Visual Micro\Visual Micro for Arduino\Micro Platforms\Arduino\Templates\Hardware\Debuggers\VM_DBG&quot;  -I&quot;C:\Program Files\arduino\arduino-1.0.4\libraries\MemoryFree&quot;  -I&quot;C:\Program Files\arduino\arduino-1.0.4\libraries\IniFile&quot;  -I&quot;C:\Program Files\arduino\arduino-1.0.4\libraries\SD&quot;  -I&quot;C:\Program Files\arduino\arduino-1.0.4\libraries\Ethernet&quot;  -I&quot;C:\Program Files\arduino\arduino-1.0.4\libraries\SPI&quot; " build.path="C:\Users\James Brown\AppData\Local\VMicro\Arduino\Builds\PixelEtherMega\mega2560" build.project_name="PixelEtherMega" build.variant.path="C:\Program Files\arduino\arduino-1.0.4\hardware\arduino\variants\mega" archive_file="core.a" object_file="&quot;C:\Users\James Brown\AppData\Local\VMicro\Arduino\Builds\PixelEtherMega\mega2560\SPI\SPI.cpp.o&quot;" source_file="&quot;C:\Program Files\arduino\arduino-1.0.4\libraries\SPI\SPI.cpp&quot;" object_files="&quot;C:\Users\James Brown\AppData\Local\VMicro\Arduino\Builds\PixelEtherMega\mega2560\PixelEtherMega.cpp.o&quot; &quot;C:\Users\James Brown\AppData\Local\VMicro\Arduino\Builds\PixelEtherMega\mega2560\VM_DBG\VM_mem_check.c.o&quot; &quot;C:\Users\James Brown\AppData\Local\VMicro\Arduino\Builds\PixelEtherMega\mega2560\VM_DBG\VM_DBG.cpp.o&quot; &quot;C:\Users\James Brown\AppData\Local\VMicro\Arduino\Builds\PixelEtherMega\mega2560\MemoryFree\MemoryFree.cpp.o&quot; &quot;C:\Users\James Brown\AppData\Local\VMicro\Arduino\Builds\PixelEtherMega\mega2560\MemoryFree\pgmStrToRAM.cpp.o&quot; &quot;C:\Users\James Brown\AppData\Local\VMicro\Arduino\Builds\PixelEtherMega\mega2560\IniFile\IniFile.cpp.o&quot; &quot;C:\Users\James Brown\AppData\Local\VMicro\Arduino\Builds\PixelEtherMega\mega2560\SD\File.cpp.o&quot; &quot;C:\Users\James Brown\AppData\Local\VMicro\Arduino\Builds\PixelEtherMega\mega2560\SD\SD.cpp.o&quot; &quot;C:\Users\James Brown\AppData\Local\VMicro\Arduino\Builds\PixelEtherMega\mega2560\SD\utility\Sd2Card.cpp.o&quot; &quot;C:\Users\James Brown\AppData\Local\VMicro\Arduino\Builds\PixelEtherMega\mega2560\SD\utility\SdFile.cpp.o&quot; &quot;C:\Users\James Brown\AppData\Local\VMicro\Arduino\Builds\PixelEtherMega\mega2560\SD\utility\SdVolume.cpp.o&quot; &quot;C:\Users\James Brown\AppData\Local\VMicro\Arduino\Builds\PixelEtherMega\mega2560\Ethernet\Dhcp.cpp.o&quot; &quot;C:\Users\James Brown\AppData\Local\VMicro\Arduino\Builds\PixelEtherMega\mega2560\Ethernet\Dns.cpp.o&quot; &quot;C:\Users\James Brown\AppData\Local\VMicro\Arduino\Builds\PixelEtherMega\mega2560\Ethernet\Ethernet.cpp.o&quot; &quot;C:\Users\James Brown\AppData\Local\VMicro\Arduino\Builds\PixelEtherMega\mega2560\Ethernet\EthernetClient.cpp.o&quot; &quot;C:\Users\James Brown\AppData\Local\VMicro\Arduino\Builds\PixelEtherMega\mega2560\Ethernet\EthernetServer.cpp.o&quot; &quot;C:\Users\James Brown\AppData\Local\VMicro\Arduino\Builds\PixelEtherMega\mega2560\Ethernet\EthernetUdp.cpp.o&quot; &quot;C:\Users\James Brown\AppData\Local\VMicro\Arduino\Builds\PixelEtherMega\mega2560\Ethernet\utility\socket.cpp.o&quot; &quot;C:\Users\James Brown\AppData\Local\VMicro\Arduino\Builds\PixelEtherMega\mega2560\Ethernet\utility\w5100.cpp.o&quot; &quot;C:\Users\James Brown\AppData\Local\VMicro\Arduino\Builds\PixelEtherMega\mega2560\SPI\SPI.cpp.o&quot; " />
    </Platform>
    <VCCodeModel>
      <VCCodeMacros />
    </VCCodeModel>
    <BreakPoints />
  </Program>
</VisualMicro>